problemName, vehicleFileID, cutoffTime, problemTypeString, numUAVs, numTrucks, requireTruckAtDepot, requireDriver, Etype, ITER 
20170606T114145593946, 101, 30.000000, mFSTSP Heuristic, 3, -1, True, True, 5, 1 

Objective Function Value: 10338.351481 

Assignments: 
vehicleID,vehicleType,activityType,startTime,startNode,endTime,endNode,Description,Status
1,Truck,Truck is stationary with no UAVs on board,-4.190951585769653e-09,0,59.99999999580905,0,Launching UAV 4,UAV Launch
1,Truck,Truck is stationary with no UAVs on board,59.99999999580905,0,119.99999999580905,0,Launching UAV 3,UAV Launch
1,Truck,Truck is stationary with no UAVs on board,119.99999999580905,0,179.99999999580905,0,Launching UAV 2,UAV Launch
1,Truck,Truck travels with no UAVs on board,179.99999999556326,0,625.7388823822735,39,Travel from node 0 to node 39,Traveling
1,Truck,Truck is stationary with no UAVs on board,625.7388823822718,39,655.7388823822718,39,Retrieving UAV 4,UAV Recovery
1,Truck,Truck is stationary with no UAVs on board,655.7388823822718,39,685.7388823822718,39,Retrieving UAV 2,UAV Recovery
1,Truck,Truck is stationary with no UAVs on board,685.7388823822718,39,745.7388823822718,39,Launching UAV 2,UAV Launch
1,Truck,Truck is stationary with no UAVs on board,745.7388823822715,39,775.7388823822715,39,Retrieving UAV 3,UAV Recovery
1,Truck,Truck is stationary with no UAVs on board,775.7388823822716,39,805.7388823822716,39,Dropping off package to Customer 39,Making Delivery
1,Truck,Truck travels with UAV(s) on board,805.7388823822716,39,906.6016214461918,46,Travel from node 39 to node 46,Traveling
1,Truck,Truck is stationary with UAV(s) on board,906.6016214461918,46,966.6016214461918,46,Launching UAV 3,UAV Launch
1,Truck,Truck is stationary with UAV(s) on board,966.6016214461918,46,996.6016214461918,46,Dropping off package to Customer 46,Making Delivery
1,Truck,Truck is stationary with UAV(s) on board,996.6016214461918,46,1026.6016214461918,46,Retrieving UAV 2,UAV Recovery
1,Truck,Truck is stationary with UAV(s) on board,1026.6016214461915,46,1086.6016214461915,46,Launching UAV 4,UAV Launch
1,Truck,Truck is stationary with UAV(s) on board,1086.6016214461918,46,1146.6016214461918,46,Launching UAV 2,UAV Launch
1,Truck,Truck travels with no UAVs on board,1146.6016214461918,46,1750.3797212810382,35,Travel from node 46 to node 35,Traveling
1,Truck,Truck is stationary with no UAVs on board,1750.3797212810382,35,1780.3797212810382,35,Retrieving UAV 4,UAV Recovery
1,Truck,Truck is stationary with no UAVs on board,1780.3797212810384,35,1810.3797212810384,35,Retrieving UAV 3,UAV Recovery
1,Truck,Truck is stationary with no UAVs on board,1810.3797212810382,35,1840.3797212810382,35,Dropping off package to Customer 35,Making Delivery
1,Truck,Truck is stationary with no UAVs on board,1840.3797212810382,35,1870.3797212810382,35,Retrieving UAV 2,UAV Recovery
1,Truck,Truck is stationary with no UAVs on board,1870.3797212810382,35,1930.3797212810382,35,Launching UAV 2,UAV Launch
1,Truck,Truck travels with UAV(s) on board,1930.3797212810382,35,2230.0689286975,17,Travel from node 35 to node 17,Traveling
1,Truck,Truck is stationary with UAV(s) on board,2230.0689286975,17,2260.0689286975,17,Dropping off package to Customer 17,Making Delivery
1,Truck,Truck is stationary with UAV(s) on board,2260.0689286975,17,2290.0689286975,17,Retrieving UAV 2,UAV Recovery
1,Truck,Truck travels with UAV(s) on board,2290.0689286975,17,2478.739241917549,32,Travel from node 17 to node 32,Traveling
1,Truck,Truck is stationary with UAV(s) on board,2478.739241917549,32,2538.739241917549,32,Launching UAV 2,UAV Launch
1,Truck,Truck is stationary with UAV(s) on board,2538.739241917549,32,2598.739241917549,32,Launching UAV 3,UAV Launch
1,Truck,Truck is stationary with UAV(s) on board,2598.7392419175494,32,2628.7392419175494,32,Dropping off package to Customer 32,Making Delivery
1,Truck,Truck is stationary with UAV(s) on board,2628.7392419175494,32,2688.7392419175494,32,Launching UAV 4,UAV Launch
1,Truck,Truck travels with no UAVs on board,2688.7392419175494,32,3610.774080650356,5,Travel from node 32 to node 5,Traveling
1,Truck,Truck is stationary with no UAVs on board,3610.774080650356,5,3640.774080650356,5,Retrieving UAV 3,UAV Recovery
1,Truck,Truck is stationary with no UAVs on board,3640.774080650356,5,3670.774080650356,5,Retrieving UAV 4,UAV Recovery
1,Truck,Truck is stationary with no UAVs on board,3670.774080650356,5,3700.774080650356,5,Dropping off package to Customer 5,Making Delivery
1,Truck,Truck is stationary with no UAVs on board,3700.774080650356,5,3730.774080650356,5,Retrieving UAV 2,UAV Recovery
1,Truck,Truck is stationary with no UAVs on board,3730.774080650356,5,3790.774080650356,5,Launching UAV 2,UAV Launch
1,Truck,Truck travels with UAV(s) on board,3790.774080650356,5,4051.917660343174,24,Travel from node 5 to node 24,Traveling
1,Truck,Truck is stationary with UAV(s) on board,4051.917660343174,24,4081.917660343174,24,Dropping off package to Customer 24,Making Delivery
1,Truck,Truck is stationary with UAV(s) on board,4081.9176603431733,24,4111.917660343173,24,Retrieving UAV 2,UAV Recovery
1,Truck,Truck travels with UAV(s) on board,4111.917660343173,24,4271.640103995092,44,Travel from node 24 to node 44,Traveling
1,Truck,Truck is stationary with UAV(s) on board,4271.640103995092,44,4301.640103995092,44,Dropping off package to Customer 44,Making Delivery
1,Truck,Truck travels with UAV(s) on board,4301.640103995092,44,4445.2982898821565,2,Travel from node 44 to node 2,Traveling
1,Truck,Truck is stationary with UAV(s) on board,4445.2982898821565,2,4475.2982898821565,2,Dropping off package to Customer 2,Making Delivery
1,Truck,Truck travels with UAV(s) on board,4475.2982898821565,2,4700.451932081987,45,Travel from node 2 to node 45,Traveling
1,Truck,Truck is stationary with UAV(s) on board,4700.451932081987,45,4730.451932081987,45,Dropping off package to Customer 45,Making Delivery
1,Truck,Truck travels with UAV(s) on board,4730.451932081987,45,4734.952595524445,42,Travel from node 45 to node 42,Traveling
1,Truck,Truck is stationary with UAV(s) on board,4734.952595524445,42,4764.952595524445,42,Dropping off package to Customer 42,Making Delivery
1,Truck,Truck travels with UAV(s) on board,4764.952595524445,42,4866.544451766289,43,Travel from node 42 to node 43,Traveling
1,Truck,Truck is stationary with UAV(s) on board,4866.544451766289,43,4896.544451766289,43,Dropping off package to Customer 43,Making Delivery
1,Truck,Truck travels with UAV(s) on board,4896.544451766289,43,4925.811599774945,27,Travel from node 43 to node 27,Traveling
1,Truck,Truck is stationary with UAV(s) on board,4925.811599774945,27,4955.811599774945,27,Dropping off package to Customer 27,Making Delivery
1,Truck,Truck travels with UAV(s) on board,4955.811599774945,27,5029.629062004993,33,Travel from node 27 to node 33,Traveling
1,Truck,Truck is stationary with UAV(s) on board,5029.629062004993,33,5059.629062004993,33,Dropping off package to Customer 33,Making Delivery
1,Truck,Truck travels with UAV(s) on board,5059.629062004993,33,5117.829672290127,19,Travel from node 33 to node 19,Traveling
1,Truck,Truck is stationary with UAV(s) on board,5117.829672290129,19,5177.829672290129,19,Launching UAV 2,UAV Launch
1,Truck,Truck is stationary with UAV(s) on board,5177.829672290129,19,5207.829672290129,19,Dropping off package to Customer 19,Making Delivery
1,Truck,Truck travels with UAV(s) on board,5207.829672290129,19,5450.160933611011,1,Travel from node 19 to node 1,Traveling
1,Truck,Truck is stationary with UAV(s) on board,5450.160933611011,1,5480.160933611011,1,Retrieving UAV 2,UAV Recovery
1,Truck,Truck is stationary with UAV(s) on board,5480.160933611011,1,5540.160933611011,1,Launching UAV 2,UAV Launch
1,Truck,Truck is stationary with UAV(s) on board,5540.160933611011,1,5600.160933611011,1,Launching UAV 3,UAV Launch
1,Truck,Truck is stationary with UAV(s) on board,5600.160933611011,1,5630.160933611011,1,Dropping off package to Customer 1,Making Delivery
1,Truck,Truck is stationary with UAV(s) on board,5630.160933611011,1,5690.160933611011,1,Launching UAV 4,UAV Launch
1,Truck,Truck travels with no UAVs on board,5690.160933611011,1,6276.095412815834,36,Travel from node 1 to node 36,Traveling
1,Truck,Truck is stationary with no UAVs on board,6276.095412815834,36,6306.095412815834,36,Retrieving UAV 3,UAV Recovery
1,Truck,Truck is stationary with no UAVs on board,6306.095412815833,36,6336.095412815833,36,Retrieving UAV 2,UAV Recovery
1,Truck,Truck is stationary with no UAVs on board,6336.095412815833,36,6396.095412815833,36,Launching UAV 2,UAV Launch
1,Truck,Truck is stationary with no UAVs on board,6396.095412815833,36,6426.095412815833,36,Dropping off package to Customer 36,Making Delivery
1,Truck,Truck is stationary with no UAVs on board,6426.095412815833,36,6486.095412815833,36,Launching UAV 3,UAV Launch
1,Truck,Truck is stationary with no UAVs on board,6486.095412815833,36,6516.095412815833,36,Retrieving UAV 4,UAV Recovery
1,Truck,Truck is stationary with no UAVs on board,6516.095412815833,36,6576.095412815833,36,Launching UAV 4,UAV Launch
1,Truck,Truck travels with no UAVs on board,6576.095412815833,36,7073.100341835429,15,Travel from node 36 to node 15,Traveling
1,Truck,Truck is stationary with no UAVs on board,7073.100341835429,15,7103.100341835429,15,Retrieving UAV 2,UAV Recovery
1,Truck,Truck is stationary with no UAVs on board,7103.100345585421,15,7163.100345585421,15,Launching UAV 2,UAV Launch
1,Truck,Truck is stationary with no UAVs on board,7163.1003155854205,15,7193.1003155854205,15,Dropping off package to Customer 15,Making Delivery
1,Truck,Truck is stationary with no UAVs on board,7193.100315585202,15,7223.100315585202,15,Retrieving UAV 3,UAV Recovery
1,Truck,Truck is stationary with no UAVs on board,7223.100315585202,15,7253.100315585202,15,Retrieving UAV 4,UAV Recovery
1,Truck,Truck travels with UAV(s) on board,7253.100315585202,15,7378.887103140031,47,Travel from node 15 to node 47,Traveling
1,Truck,Truck is stationary with UAV(s) on board,7378.887103140031,47,7438.887103140031,47,Launching UAV 4,UAV Launch
1,Truck,Truck is stationary with UAV(s) on board,7438.887103140031,47,7468.887103140031,47,Dropping off package to Customer 47,Making Delivery
1,Truck,Truck is stationary with UAV(s) on board,7468.887103140033,47,7498.887103140033,47,Retrieving UAV 2,UAV Recovery
1,Truck,Truck is stationary with UAV(s) on board,7498.887103140033,47,7558.887103140033,47,Launching UAV 2,UAV Launch
1,Truck,Truck is stationary with UAV(s) on board,7558.887103140033,47,7618.887103140033,47,Launching UAV 3,UAV Launch
1,Truck,Truck travels with no UAVs on board,7618.887103140033,47,8289.013360900888,18,Travel from node 47 to node 18,Traveling
1,Truck,Truck is stationary with no UAVs on board,8289.013360900888,18,8319.013360900888,18,Retrieving UAV 3,UAV Recovery
1,Truck,Truck is stationary with no UAVs on board,8319.013360900888,18,8349.013360900888,18,Retrieving UAV 4,UAV Recovery
1,Truck,Truck is stationary with no UAVs on board,8349.013360900888,18,8409.013360900888,18,Launching UAV 3,UAV Launch
1,Truck,Truck is stationary with no UAVs on board,8409.013360900888,18,8439.013360900888,18,Retrieving UAV 2,UAV Recovery
1,Truck,Truck is stationary with no UAVs on board,8439.013360900888,18,8499.013360900888,18,Launching UAV 2,UAV Launch
1,Truck,Truck is stationary with no UAVs on board,8499.013334234218,18,8529.013334234218,18,Dropping off package to Customer 18,Making Delivery
1,Truck,Truck travels with UAV(s) on board,8529.013334234218,18,9061.7677831885,30,Travel from node 18 to node 30,Traveling
1,Truck,Truck is stationary with UAV(s) on board,9061.7677831885,30,9091.7677831885,30,Retrieving UAV 3,UAV Recovery
1,Truck,Truck is stationary with UAV(s) on board,9091.7677831885,30,9121.7677831885,30,Dropping off package to Customer 30,Making Delivery
1,Truck,Truck is stationary with UAV(s) on board,9121.767783188498,30,9151.767783188498,30,Retrieving UAV 2,UAV Recovery
1,Truck,Truck is stationary with UAV(s) on board,9151.767783188498,30,9211.767783188498,30,Launching UAV 3,UAV Launch
1,Truck,Truck is stationary with UAV(s) on board,9211.767783188498,30,9271.767783188498,30,Launching UAV 2,UAV Launch
1,Truck,Truck is stationary with UAV(s) on board,9271.767783188498,30,9331.767783188498,30,Launching UAV 4,UAV Launch
1,Truck,Truck travels with no UAVs on board,9331.767783188498,30,10133.536005780139,41,Travel from node 30 to node 41,Traveling
1,Truck,Truck is stationary with no UAVs on board,10133.536005780139,41,10163.536005780139,41,Retrieving UAV 2,UAV Recovery
1,Truck,Truck is stationary with no UAVs on board,10163.536005780139,41,10193.536005780139,41,Retrieving UAV 4,UAV Recovery
1,Truck,Truck is stationary with no UAVs on board,10193.536005780139,41,10223.536005780139,41,Dropping off package to Customer 41,Making Delivery
1,Truck,Truck is stationary with no UAVs on board,10223.536005780139,41,10253.536005780139,41,Retrieving UAV 3,UAV Recovery
1,Truck,Truck travels with UAV(s) on board,10253.536005780139,41,10338.351480670719,51,Travel from node 41 to node 51,Traveling
1,Truck,Truck is stationary with UAV(s) on board,10338.351480670719,51,-1.0,51,At the Depot.  Total Time = 2:52:18,Vehicle Tasks Complete
2,UAV,UAV is stationary with a parcel,119.99999999580905,0,179.99999999580905,0,Prepare to launch from truck,UAV Launch
2,UAV,UAV taking off or landing with a parcel,179.99999999580905,0,183.6956232701725,0,Takeoff from Depot,Traveling
2,UAV,UAV travels with parcel,183.6956232701725,0,288.6701649964392,23,Fly to UAV customer 23,Traveling
2,UAV,UAV taking off or landing with a parcel,288.67016499643915,23,295.06141154516604,23,Land at UAV customer 23,Traveling
2,UAV,UAV is stationary with a parcel,295.06141154516604,23,355.06141154516604,23,Serving UAV customer 23,Making Delivery
2,UAV,UAV taking off or landing with no parcels,355.06141154516604,23,358.75703481952945,23,Takeoff from UAV customer 23,Traveling
2,UAV,UAV travels empty,358.75703481952945,23,599.310637584238,39,Fly to truck at customer 39,Traveling
2,UAV,UAV is stationary without a parcel,599.310637584238,39,649.3476358335449,39,Idle above rendezvous location (customer 39),Idle
2,UAV,UAV taking off or landing with no parcels,649.3476358335449,39,655.7388823822718,39,Land at truck rendezvous location (customer 39),Traveling
2,UAV,UAV is stationary without a parcel,655.7388823822718,39,685.7388823822718,39,Recovered by truck at customer 39,UAV Recovery
2,UAV,UAV is stationary with a parcel,685.7388823822718,39,745.7388823822718,39,Prepare to launch from truck,UAV Launch
2,UAV,UAV taking off or landing with a parcel,745.7388823822718,39,749.4345056566352,39,Takeoff from truck at Customer 39,Traveling
2,UAV,UAV travels with parcel,749.4345056566352,39,806.9757473921961,20,Fly to UAV customer 20,Traveling
2,UAV,UAV taking off or landing with a parcel,806.9757473921961,20,813.366993940923,20,Land at UAV customer 20,Traveling
2,UAV,UAV is stationary with a parcel,813.366993940923,20,873.366993940923,20,Serving UAV customer 20,Making Delivery
2,UAV,UAV taking off or landing with no parcels,873.366993940923,20,877.0626172152864,20,Takeoff from UAV customer 20,Traveling
2,UAV,UAV travels empty,877.0626172152864,20,969.5215626083509,46,Fly to truck at customer 46,Traveling
2,UAV,UAV is stationary without a parcel,969.5215626083509,46,990.2103748974649,46,Idle above rendezvous location (customer 46),Idle
2,UAV,UAV taking off or landing with no parcels,990.2103748974649,46,996.6016214461918,46,Land at truck rendezvous location (customer 46),Traveling
2,UAV,UAV is stationary without a parcel,996.6016214461918,46,1026.6016214461918,46,Recovered by truck at customer 46,UAV Recovery
2,UAV,UAV is stationary with a parcel,1086.6016214461918,46,1146.6016214461918,46,Prepare to launch from truck,UAV Launch
2,UAV,UAV taking off or landing with a parcel,1146.6016214461918,46,1150.2972447205552,46,Takeoff from truck at Customer 46,Traveling
2,UAV,UAV travels with parcel,1150.2972447205552,46,1418.4121493828645,13,Fly to UAV customer 13,Traveling
2,UAV,UAV taking off or landing with a parcel,1418.4121493828645,13,1424.8033959315915,13,Land at UAV customer 13,Traveling
2,UAV,UAV is stationary with a parcel,1424.8033959315915,13,1484.8033959315915,13,Serving UAV customer 13,Making Delivery
2,UAV,UAV taking off or landing with no parcels,1484.8033959315915,13,1488.499019205955,13,Takeoff from UAV customer 13,Traveling
2,UAV,UAV travels empty,1488.499019205955,13,1651.8511688274773,35,Fly to truck at customer 35,Traveling
2,UAV,UAV is stationary without a parcel,1651.8511688274773,35,1833.9884747323115,35,Idle above rendezvous location (customer 35),Idle
2,UAV,UAV taking off or landing with no parcels,1833.9884747323115,35,1840.3797212810384,35,Land at truck rendezvous location (customer 35),Traveling
2,UAV,UAV is stationary without a parcel,1840.3797212810382,35,1870.3797212810382,35,Recovered by truck at customer 35,UAV Recovery
2,UAV,UAV is stationary with a parcel,1870.3797212810382,35,1930.3797212810382,35,Prepare to launch from truck,UAV Launch
2,UAV,UAV taking off or landing with a parcel,1930.3797212810382,35,1934.0753445554017,35,Takeoff from truck at Customer 35,Traveling
2,UAV,UAV travels with parcel,1934.0753445554017,35,2011.5987247654941,6,Fly to UAV customer 6,Traveling
2,UAV,UAV taking off or landing with a parcel,2011.5987247654941,6,2017.989971314221,6,Land at UAV customer 6,Traveling
2,UAV,UAV is stationary with a parcel,2017.989971314221,6,2077.9899713142213,6,Serving UAV customer 6,Making Delivery
2,UAV,UAV taking off or landing with no parcels,2077.9899713142213,6,2081.6855945885845,6,Takeoff from UAV customer 6,Traveling
2,UAV,UAV travels empty,2081.6855945885845,6,2232.6370295832817,17,Fly to truck at customer 17,Traveling
2,UAV,UAV is stationary without a parcel,2232.6370295832817,17,2253.6776821487724,17,Idle above rendezvous location (customer 17),Idle
2,UAV,UAV taking off or landing with no parcels,2253.6776821487724,17,2260.0689286974994,17,Land at truck rendezvous location (customer 17),Traveling
2,UAV,UAV is stationary without a parcel,2260.0689286975,17,2290.0689286975,17,Recovered by truck at customer 17,UAV Recovery
2,UAV,UAV is stationary with a parcel,2478.739241917549,32,2538.739241917549,32,Prepare to launch from truck,UAV Launch
2,UAV,UAV taking off or landing with a parcel,2538.739241917549,32,2542.434865191912,32,Takeoff from truck at Customer 32,Traveling
2,UAV,UAV travels with parcel,2542.434865191912,32,3038.768469035145,9,Fly to UAV customer 9,Traveling
2,UAV,UAV taking off or landing with a parcel,3038.768469035145,9,3045.1597155838717,9,Land at UAV customer 9,Traveling
2,UAV,UAV is stationary with a parcel,3045.1597155838717,9,3105.1597155838717,9,Serving UAV customer 9,Making Delivery
2,UAV,UAV taking off or landing with no parcels,3105.1597155838717,9,3108.855338858235,9,Takeoff from UAV customer 9,Traveling
2,UAV,UAV travels empty,3108.855338858235,9,3452.947195634093,5,Fly to truck at customer 5,Traveling
2,UAV,UAV is stationary without a parcel,3452.947195634093,5,3694.382834101629,5,Idle above rendezvous location (customer 5),Idle
2,UAV,UAV taking off or landing with no parcels,3694.382834101629,5,3700.774080650356,5,Land at truck rendezvous location (customer 5),Traveling
2,UAV,UAV is stationary without a parcel,3700.774080650356,5,3730.774080650356,5,Recovered by truck at customer 5,UAV Recovery
2,UAV,UAV is stationary with a parcel,3730.774080650356,5,3790.774080650356,5,Prepare to launch from truck,UAV Launch
2,UAV,UAV taking off or landing with a parcel,3790.774080650356,5,3794.4697039247194,5,Takeoff from truck at Customer 5,Traveling
2,UAV,UAV travels with parcel,3794.4697039247194,5,3904.948092184031,38,Fly to UAV customer 38,Traveling
2,UAV,UAV taking off or landing with a parcel,3904.9480921840313,38,3911.3393387327583,38,Land at UAV customer 38,Traveling
2,UAV,UAV is stationary with a parcel,3911.3393387327583,38,3971.3393387327583,38,Serving UAV customer 38,Making Delivery
2,UAV,UAV taking off or landing with no parcels,3971.3393387327583,38,3975.0349620071215,38,Takeoff from UAV customer 38,Traveling
2,UAV,UAV travels empty,3975.0349620071215,38,4049.440470205924,24,Fly to truck at customer 24,Traveling
2,UAV,UAV is stationary without a parcel,4049.440470205924,24,4075.5264137944464,24,Idle above rendezvous location (customer 24),Idle
2,UAV,UAV taking off or landing with no parcels,4075.5264137944464,24,4081.9176603431733,24,Land at truck rendezvous location (customer 24),Traveling
2,UAV,UAV is stationary without a parcel,4081.9176603431733,24,4111.917660343173,24,Recovered by truck at customer 24,UAV Recovery
2,UAV,UAV is stationary with a parcel,5117.829672290129,19,5177.829672290129,19,Prepare to launch from truck,UAV Launch
2,UAV,UAV taking off or landing with a parcel,5177.829672290129,19,5181.525295564492,19,Takeoff from truck at Customer 19,Traveling
2,UAV,UAV travels with parcel,5181.525295564492,19,5306.581698113823,40,Fly to UAV customer 40,Traveling
2,UAV,UAV taking off or landing with a parcel,5306.581698113824,40,5312.972944662551,40,Land at UAV customer 40,Traveling
2,UAV,UAV is stationary with a parcel,5312.972944662551,40,5372.972944662551,40,Serving UAV customer 40,Making Delivery
2,UAV,UAV taking off or landing with no parcels,5372.972944662551,40,5376.668567936914,40,Takeoff from UAV customer 40,Traveling
2,UAV,UAV travels empty,5376.668567936914,40,5442.420460811796,1,Fly to truck at customer 1,Traveling
2,UAV,UAV is stationary without a parcel,5442.420460811796,1,5443.769687062285,1,Idle above rendezvous location (customer 1),Idle
2,UAV,UAV taking off or landing with no parcels,5443.769687062285,1,5450.160933611011,1,Land at truck rendezvous location (customer 1),Traveling
2,UAV,UAV is stationary without a parcel,5450.160933611011,1,5480.160933611011,1,Recovered by truck at customer 1,UAV Recovery
2,UAV,UAV is stationary with a parcel,5480.160933611011,1,5540.160933611011,1,Prepare to launch from truck,UAV Launch
2,UAV,UAV taking off or landing with a parcel,5540.160933611011,1,5543.856556885375,1,Takeoff from truck at Customer 1,Traveling
2,UAV,UAV travels with parcel,5543.856556885375,1,5897.071050606757,8,Fly to UAV customer 8,Traveling
2,UAV,UAV taking off or landing with a parcel,5897.071050606758,8,5903.4622971554845,8,Land at UAV customer 8,Traveling
2,UAV,UAV is stationary with a parcel,5903.4622971554845,8,5963.4622971554845,8,Serving UAV customer 8,Making Delivery
2,UAV,UAV taking off or landing with no parcels,5963.4622971554845,8,5967.157920429848,8,Takeoff from UAV customer 8,Traveling
2,UAV,UAV travels empty,5967.157920429848,8,6105.70583670885,36,Fly to truck at customer 36,Traveling
2,UAV,UAV is stationary without a parcel,6105.70583670885,36,6299.704166267106,36,Idle above rendezvous location (customer 36),Idle
2,UAV,UAV taking off or landing with no parcels,6299.704166267106,36,6306.095412815833,36,Land at truck rendezvous location (customer 36),Traveling
2,UAV,UAV is stationary without a parcel,6306.095412815833,36,6336.095412815833,36,Recovered by truck at customer 36,UAV Recovery
2,UAV,UAV is stationary with a parcel,6336.095412815833,36,6396.095412815833,36,Prepare to launch from truck,UAV Launch
2,UAV,UAV taking off or landing with a parcel,6396.095412815833,36,6399.791036090196,36,Takeoff from truck at Customer 36,Traveling
2,UAV,UAV travels with parcel,6399.791036090196,36,6661.199713202059,3,Fly to UAV customer 3,Traveling
2,UAV,UAV taking off or landing with a parcel,6661.19971320206,3,6667.590959750786,3,Land at UAV customer 3,Traveling
2,UAV,UAV is stationary with a parcel,6667.590959750786,3,6727.590959750786,3,Serving UAV customer 3,Making Delivery
2,UAV,UAV taking off or landing with no parcels,6727.590959750786,3,6731.286583025149,3,Takeoff from UAV customer 3,Traveling
2,UAV,UAV travels empty,6731.286583025149,3,6825.322806355929,15,Fly to truck at customer 15,Traveling
2,UAV,UAV is stationary without a parcel,6825.322806355929,15,7066.709095286702,15,Idle above rendezvous location (customer 15),Idle
2,UAV,UAV taking off or landing with no parcels,7066.709095286702,15,7073.1003418354285,15,Land at truck rendezvous location (customer 15),Traveling
2,UAV,UAV is stationary without a parcel,7073.100341835429,15,7103.100341835429,15,Recovered by truck at customer 15,UAV Recovery
2,UAV,UAV is stationary with a parcel,7103.100345585421,15,7163.100345585421,15,Prepare to launch from truck,UAV Launch
2,UAV,UAV taking off or landing with a parcel,7163.100345585421,15,7166.795968859784,15,Takeoff from truck at Customer 15,Traveling
2,UAV,UAV travels with parcel,7166.795968859784,15,7194.398163831303,4,Fly to UAV customer 4,Traveling
2,UAV,UAV taking off or landing with a parcel,7194.3981638313035,4,7200.78941038003,4,Land at UAV customer 4,Traveling
2,UAV,UAV is stationary with a parcel,7200.78941038003,4,7260.78941038003,4,Serving UAV customer 4,Making Delivery
2,UAV,UAV taking off or landing with no parcels,7260.78941038003,4,7264.485033654393,4,Takeoff from UAV customer 4,Traveling
2,UAV,UAV travels empty,7264.485033654393,4,7281.553851472278,47,Fly to truck at customer 47,Traveling
2,UAV,UAV is stationary without a parcel,7281.553851472278,47,7462.495856591306,47,Idle above rendezvous location (customer 47),Idle
2,UAV,UAV taking off or landing with no parcels,7462.495856591306,47,7468.887103140032,47,Land at truck rendezvous location (customer 47),Traveling
2,UAV,UAV is stationary without a parcel,7468.887103140033,47,7498.887103140033,47,Recovered by truck at customer 47,UAV Recovery
2,UAV,UAV is stationary with a parcel,7498.887103140033,47,7558.887103140033,47,Prepare to launch from truck,UAV Launch
2,UAV,UAV taking off or landing with a parcel,7558.887103140033,47,7562.582726414396,47,Takeoff from truck at Customer 47,Traveling
2,UAV,UAV travels with parcel,7562.582726414396,47,7806.201588694799,11,Fly to UAV customer 11,Traveling
2,UAV,UAV taking off or landing with a parcel,7806.2015886948,11,7812.592835243527,11,Land at UAV customer 11,Traveling
2,UAV,UAV is stationary with a parcel,7812.592835243527,11,7872.592835243527,11,Serving UAV customer 11,Making Delivery
2,UAV,UAV taking off or landing with no parcels,7872.592835243527,11,7876.28845851789,11,Takeoff from UAV customer 11,Traveling
2,UAV,UAV travels empty,7876.28845851789,11,8170.452960495757,18,Fly to truck at customer 18,Traveling
2,UAV,UAV is stationary without a parcel,8170.452960495757,18,8402.622114352162,18,Idle above rendezvous location (customer 18),Idle
2,UAV,UAV taking off or landing with no parcels,8402.622114352162,18,8409.013360900888,18,Land at truck rendezvous location (customer 18),Traveling
2,UAV,UAV is stationary without a parcel,8409.013360900888,18,8439.013360900888,18,Recovered by truck at customer 18,UAV Recovery
2,UAV,UAV is stationary with a parcel,8439.013360900888,18,8499.013360900888,18,Prepare to launch from truck,UAV Launch
2,UAV,UAV taking off or landing with a parcel,8499.013360900888,18,8502.708984175251,18,Takeoff from truck at Customer 18,Traveling
2,UAV,UAV travels with parcel,8502.708984175251,18,8643.552552155219,7,Fly to UAV customer 7,Traveling
2,UAV,UAV taking off or landing with a parcel,8643.55255215522,7,8649.943798703947,7,Land at UAV customer 7,Traveling
2,UAV,UAV is stationary with a parcel,8649.943798703947,7,8709.943798703947,7,Serving UAV customer 7,Making Delivery
2,UAV,UAV taking off or landing with no parcels,8709.943798703947,7,8713.63942197831,7,Takeoff from UAV customer 7,Traveling
2,UAV,UAV travels empty,8713.63942197831,7,8913.283329004185,30,Fly to truck at customer 30,Traveling
2,UAV,UAV is stationary without a parcel,8913.283329004185,30,9115.376536639771,30,Idle above rendezvous location (customer 30),Idle
2,UAV,UAV taking off or landing with no parcels,9115.376536639771,30,9121.767783188498,30,Land at truck rendezvous location (customer 30),Traveling
2,UAV,UAV is stationary without a parcel,9121.767783188498,30,9151.767783188498,30,Recovered by truck at customer 30,UAV Recovery
2,UAV,UAV is stationary with a parcel,9211.767783188498,30,9271.767783188498,30,Prepare to launch from truck,UAV Launch
2,UAV,UAV taking off or landing with a parcel,9271.767783188498,30,9275.46340646286,30,Takeoff from truck at Customer 30,Traveling
2,UAV,UAV travels with parcel,9275.46340646286,30,9644.352068711767,12,Fly to UAV customer 12,Traveling
2,UAV,UAV taking off or landing with a parcel,9644.352068711767,12,9650.743315260494,12,Land at UAV customer 12,Traveling
2,UAV,UAV is stationary with a parcel,9650.743315260494,12,9710.743315260494,12,Serving UAV customer 12,Making Delivery
2,UAV,UAV taking off or landing with no parcels,9710.743315260494,12,9714.438938534857,12,Takeoff from UAV customer 12,Traveling
2,UAV,UAV travels empty,9714.438938534857,12,10050.143852588644,41,Fly to truck at customer 41,Traveling
2,UAV,UAV is stationary without a parcel,10050.143852588644,41,10127.144759231413,41,Idle above rendezvous location (customer 41),Idle
2,UAV,UAV taking off or landing with no parcels,10127.144759231413,41,10133.536005780139,41,Land at truck rendezvous location (customer 41),Traveling
2,UAV,UAV is stationary without a parcel,10133.536005780139,41,10163.536005780139,41,Recovered by truck at customer 41,UAV Recovery
3,UAV,UAV is stationary with a parcel,59.99999999580905,0,119.99999999580905,0,Prepare to launch from truck,UAV Launch
3,UAV,UAV taking off or landing with a parcel,119.99999999580905,0,123.69562327017248,0,Takeoff from Depot,Traveling
3,UAV,UAV travels with parcel,123.69562327017248,0,221.40985349712975,26,Fly to UAV customer 26,Traveling
3,UAV,UAV taking off or landing with a parcel,221.40985349712977,26,227.80110004585663,26,Land at UAV customer 26,Traveling
3,UAV,UAV is stationary with a parcel,227.80110004585663,26,287.80110004585663,26,Serving UAV customer 26,Making Delivery
3,UAV,UAV taking off or landing with no parcels,287.80110004585663,26,291.49672332022004,26,Takeoff from UAV customer 26,Traveling
3,UAV,UAV travels empty,291.49672332022004,26,535.9583457971935,39,Fly to truck at customer 39,Traveling
3,UAV,UAV is stationary without a parcel,535.9583457971935,39,739.3476358335446,39,Idle above rendezvous location (customer 39),Idle
3,UAV,UAV taking off or landing with no parcels,739.3476358335446,39,745.7388823822714,39,Land at truck rendezvous location (customer 39),Traveling
3,UAV,UAV is stationary without a parcel,745.7388823822715,39,775.7388823822715,39,Recovered by truck at customer 39,UAV Recovery
3,UAV,UAV is stationary with a parcel,906.6016214461918,46,966.6016214461918,46,Prepare to launch from truck,UAV Launch
3,UAV,UAV taking off or landing with a parcel,966.6016214461918,46,970.2972447205552,46,Takeoff from truck at Customer 46,Traveling
3,UAV,UAV travels with parcel,970.2972447205552,46,1115.6600388473466,14,Fly to UAV customer 14,Traveling
3,UAV,UAV taking off or landing with a parcel,1115.6600388473464,14,1122.0512853960734,14,Land at UAV customer 14,Traveling
3,UAV,UAV is stationary with a parcel,1122.0512853960734,14,1182.0512853960734,14,Serving UAV customer 14,Making Delivery
3,UAV,UAV taking off or landing with no parcels,1182.0512853960734,14,1185.7469086704368,14,Takeoff from UAV customer 14,Traveling
3,UAV,UAV travels empty,1185.7469086704368,14,1418.425417647798,35,Fly to truck at customer 35,Traveling
3,UAV,UAV is stationary without a parcel,1418.425417647798,35,1773.9884747323117,35,Idle above rendezvous location (customer 35),Idle
3,UAV,UAV taking off or landing with no parcels,1773.9884747323117,35,1780.3797212810387,35,Land at truck rendezvous location (customer 35),Traveling
3,UAV,UAV is stationary without a parcel,1780.3797212810384,35,1810.3797212810384,35,Recovered by truck at customer 35,UAV Recovery
3,UAV,UAV is stationary with a parcel,2538.739241917549,32,2598.739241917549,32,Prepare to launch from truck,UAV Launch
3,UAV,UAV taking off or landing with a parcel,2598.739241917549,32,2602.434865191912,32,Takeoff from truck at Customer 32,Traveling
3,UAV,UAV travels with parcel,2602.434865191912,32,3079.6208866111688,37,Fly to UAV customer 37,Traveling
3,UAV,UAV taking off or landing with a parcel,3079.6208866111688,37,3086.0121331598957,37,Land at UAV customer 37,Traveling
3,UAV,UAV is stationary with a parcel,3086.0121331598957,37,3146.0121331598957,37,Serving UAV customer 37,Making Delivery
3,UAV,UAV taking off or landing with no parcels,3146.0121331598957,37,3149.707756434259,37,Takeoff from UAV customer 37,Traveling
3,UAV,UAV travels empty,3149.707756434259,37,3478.3063906755933,5,Fly to truck at customer 5,Traveling
3,UAV,UAV is stationary without a parcel,3478.3063906755933,5,3604.382834101629,5,Idle above rendezvous location (customer 5),Idle
3,UAV,UAV taking off or landing with no parcels,3604.382834101629,5,3610.774080650356,5,Land at truck rendezvous location (customer 5),Traveling
3,UAV,UAV is stationary without a parcel,3610.774080650356,5,3640.774080650356,5,Recovered by truck at customer 5,UAV Recovery
3,UAV,UAV is stationary with a parcel,5540.160933611011,1,5600.160933611011,1,Prepare to launch from truck,UAV Launch
3,UAV,UAV taking off or landing with a parcel,5600.160933611011,1,5603.856556885375,1,Takeoff from truck at Customer 1,Traveling
3,UAV,UAV travels with parcel,5603.856556885375,1,5955.091410086528,50,Fly to UAV customer 50,Traveling
3,UAV,UAV taking off or landing with a parcel,5955.091410086529,50,5961.482656635256,50,Land at UAV customer 50,Traveling
3,UAV,UAV is stationary with a parcel,5961.482656635256,50,6021.482656635256,50,Serving UAV customer 50,Making Delivery
3,UAV,UAV taking off or landing with no parcels,6021.482656635256,50,6025.178279909619,50,Takeoff from UAV customer 50,Traveling
3,UAV,UAV travels empty,6025.178279909619,50,6168.167294510585,36,Fly to truck at customer 36,Traveling
3,UAV,UAV is stationary without a parcel,6168.167294510585,36,6269.704166267106,36,Idle above rendezvous location (customer 36),Idle
3,UAV,UAV taking off or landing with no parcels,6269.704166267106,36,6276.095412815833,36,Land at truck rendezvous location (customer 36),Traveling
3,UAV,UAV is stationary without a parcel,6276.095412815834,36,6306.095412815834,36,Recovered by truck at customer 36,UAV Recovery
3,UAV,UAV is stationary with a parcel,6426.095412815833,36,6486.095412815833,36,Prepare to launch from truck,UAV Launch
3,UAV,UAV taking off or landing with a parcel,6486.095412815833,36,6489.791036090196,36,Takeoff from truck at Customer 36,Traveling
3,UAV,UAV travels with parcel,6489.791036090196,36,6567.651727713812,10,Fly to UAV customer 10,Traveling
3,UAV,UAV taking off or landing with a parcel,6567.651727713813,10,6574.042974262539,10,Land at UAV customer 10,Traveling
3,UAV,UAV is stationary with a parcel,6574.042974262539,10,6634.042974262539,10,Serving UAV customer 10,Making Delivery
3,UAV,UAV taking off or landing with no parcels,6634.042974262539,10,6637.7385975369025,10,Takeoff from UAV customer 10,Traveling
3,UAV,UAV travels empty,6637.7385975369025,10,6917.9635487671585,15,Fly to truck at customer 15,Traveling
3,UAV,UAV is stationary without a parcel,6917.9635487671585,15,7186.709069036475,15,Idle above rendezvous location (customer 15),Idle
3,UAV,UAV taking off or landing with no parcels,7186.709069036475,15,7193.100315585201,15,Land at truck rendezvous location (customer 15),Traveling
3,UAV,UAV is stationary without a parcel,7193.100315585202,15,7223.100315585202,15,Recovered by truck at customer 15,UAV Recovery
3,UAV,UAV is stationary with a parcel,7558.887103140033,47,7618.887103140033,47,Prepare to launch from truck,UAV Launch
3,UAV,UAV taking off or landing with a parcel,7618.887103140033,47,7622.582726414396,47,Takeoff from truck at Customer 47,Traveling
3,UAV,UAV travels with parcel,7622.582726414396,47,7825.6227893566,25,Fly to UAV customer 25,Traveling
3,UAV,UAV taking off or landing with a parcel,7825.622789356601,25,7832.014035905328,25,Land at UAV customer 25,Traveling
3,UAV,UAV is stationary with a parcel,7832.014035905328,25,7892.014035905328,25,Serving UAV customer 25,Making Delivery
3,UAV,UAV taking off or landing with no parcels,7892.014035905328,25,7895.709659179691,25,Takeoff from UAV customer 25,Traveling
3,UAV,UAV travels empty,7895.709659179691,25,8254.914140791583,18,Fly to truck at customer 18,Traveling
3,UAV,UAV is stationary without a parcel,8254.914140791583,18,8282.622114352162,18,Idle above rendezvous location (customer 18),Idle
3,UAV,UAV taking off or landing with no parcels,8282.622114352162,18,8289.013360900888,18,Land at truck rendezvous location (customer 18),Traveling
3,UAV,UAV is stationary without a parcel,8289.013360900888,18,8319.013360900888,18,Recovered by truck at customer 18,UAV Recovery
3,UAV,UAV is stationary with a parcel,8349.013360900888,18,8409.013360900888,18,Prepare to launch from truck,UAV Launch
3,UAV,UAV taking off or landing with a parcel,8409.013360900888,18,8412.708984175251,18,Takeoff from truck at Customer 18,Traveling
3,UAV,UAV travels with parcel,8412.708984175251,18,8447.063369071433,29,Fly to UAV customer 29,Traveling
3,UAV,UAV taking off or landing with a parcel,8447.063369071433,29,8453.45461562016,29,Land at UAV customer 29,Traveling
3,UAV,UAV is stationary with a parcel,8453.45461562016,29,8513.45461562016,29,Serving UAV customer 29,Making Delivery
3,UAV,UAV taking off or landing with no parcels,8513.45461562016,29,8517.150238894523,29,Takeoff from UAV customer 29,Traveling
3,UAV,UAV travels empty,8517.150238894523,29,8642.051359059313,30,Fly to truck at customer 30,Traveling
3,UAV,UAV is stationary without a parcel,8642.051359059313,30,9055.376536639773,30,Idle above rendezvous location (customer 30),Idle
3,UAV,UAV taking off or landing with no parcels,9055.376536639773,30,9061.7677831885,30,Land at truck rendezvous location (customer 30),Traveling
3,UAV,UAV is stationary without a parcel,9061.7677831885,30,9091.7677831885,30,Recovered by truck at customer 30,UAV Recovery
3,UAV,UAV is stationary with a parcel,9151.767783188498,30,9211.767783188498,30,Prepare to launch from truck,UAV Launch
3,UAV,UAV taking off or landing with a parcel,9211.767783188498,30,9215.46340646286,30,Takeoff from truck at Customer 30,Traveling
3,UAV,UAV travels with parcel,9215.46340646286,30,9738.019050377312,21,Fly to UAV customer 21,Traveling
3,UAV,UAV taking off or landing with a parcel,9738.019050377312,21,9744.410296926038,21,Land at UAV customer 21,Traveling
3,UAV,UAV is stationary with a parcel,9744.410296926038,21,9804.410296926038,21,Serving UAV customer 21,Making Delivery
3,UAV,UAV taking off or landing with no parcels,9804.410296926038,21,9808.105920200402,21,Takeoff from UAV customer 21,Traveling
3,UAV,UAV travels empty,9808.105920200402,21,9949.589358680028,41,Fly to truck at customer 41,Traveling
3,UAV,UAV is stationary without a parcel,9949.589358680028,41,10217.144759231413,41,Idle above rendezvous location (customer 41),Idle
3,UAV,UAV taking off or landing with no parcels,10217.144759231413,41,10223.536005780139,41,Land at truck rendezvous location (customer 41),Traveling
3,UAV,UAV is stationary without a parcel,10223.536005780139,41,10253.536005780139,41,Recovered by truck at customer 41,UAV Recovery
4,UAV,UAV is stationary with a parcel,-4.190951585769653e-09,0,59.99999999580905,0,Prepare to launch from truck,UAV Launch
4,UAV,UAV taking off or landing with a parcel,59.99999999580905,0,63.69562327017248,0,Takeoff from Depot,Traveling
4,UAV,UAV travels with parcel,63.69562327017248,0,169.4142814442252,28,Fly to UAV customer 28,Traveling
4,UAV,UAV taking off or landing with a parcel,169.4142814442252,28,175.80552799295205,28,Land at UAV customer 28,Traveling
4,UAV,UAV is stationary with a parcel,175.80552799295205,28,235.80552799295205,28,Serving UAV customer 28,Making Delivery
4,UAV,UAV taking off or landing with no parcels,235.80552799295205,28,239.5011512673155,28,Takeoff from UAV customer 28,Traveling
4,UAV,UAV travels empty,239.5011512673155,28,477.15580135694324,39,Fly to truck at customer 39,Traveling
4,UAV,UAV is stationary without a parcel,477.15580135694324,39,619.3476358335449,39,Idle above rendezvous location (customer 39),Idle
4,UAV,UAV taking off or landing with no parcels,619.3476358335449,39,625.7388823822718,39,Land at truck rendezvous location (customer 39),Traveling
4,UAV,UAV is stationary without a parcel,625.7388823822718,39,655.7388823822718,39,Recovered by truck at customer 39,UAV Recovery
4,UAV,UAV is stationary with a parcel,1026.6016214461915,46,1086.6016214461915,46,Prepare to launch from truck,UAV Launch
4,UAV,UAV taking off or landing with a parcel,1086.6016214461915,46,1090.297244720555,46,Takeoff from truck at Customer 46,Traveling
4,UAV,UAV travels with parcel,1090.297244720555,46,1257.2324354995449,31,Fly to UAV customer 31,Traveling
4,UAV,UAV taking off or landing with a parcel,1257.2324354995449,31,1263.6236820482718,31,Land at UAV customer 31,Traveling
4,UAV,UAV is stationary with a parcel,1263.6236820482718,31,1323.6236820482718,31,Serving UAV customer 31,Making Delivery
4,UAV,UAV taking off or landing with no parcels,1323.6236820482718,31,1327.3193053226353,31,Takeoff from UAV customer 31,Traveling
4,UAV,UAV travels empty,1327.3193053226353,31,1687.363766579498,35,Fly to truck at customer 35,Traveling
4,UAV,UAV is stationary without a parcel,1687.363766579498,35,1743.9884747323113,35,Idle above rendezvous location (customer 35),Idle
4,UAV,UAV taking off or landing with no parcels,1743.9884747323113,35,1750.3797212810382,35,Land at truck rendezvous location (customer 35),Traveling
4,UAV,UAV is stationary without a parcel,1750.3797212810382,35,1780.3797212810382,35,Recovered by truck at customer 35,UAV Recovery
4,UAV,UAV is stationary with a parcel,2628.7392419175494,32,2688.7392419175494,32,Prepare to launch from truck,UAV Launch
4,UAV,UAV taking off or landing with a parcel,2688.7392419175494,32,2692.4348651919126,32,Takeoff from truck at Customer 32,Traveling
4,UAV,UAV travels with parcel,2692.4348651919126,32,2763.6995838101316,49,Fly to UAV customer 49,Traveling
4,UAV,UAV taking off or landing with a parcel,2763.6995838101316,49,2770.0908303588585,49,Land at UAV customer 49,Traveling
4,UAV,UAV is stationary with a parcel,2770.0908303588585,49,2830.0908303588585,49,Serving UAV customer 49,Making Delivery
4,UAV,UAV taking off or landing with no parcels,2830.0908303588585,49,2833.7864536332218,49,Takeoff from UAV customer 49,Traveling
4,UAV,UAV travels empty,2833.7864536332218,49,3054.6441545666567,5,Fly to truck at customer 5,Traveling
4,UAV,UAV is stationary without a parcel,3054.6441545666567,5,3634.3828341016288,5,Idle above rendezvous location (customer 5),Idle
4,UAV,UAV taking off or landing with no parcels,3634.3828341016288,5,3640.7740806503557,5,Land at truck rendezvous location (customer 5),Traveling
4,UAV,UAV is stationary without a parcel,3640.774080650356,5,3670.774080650356,5,Recovered by truck at customer 5,UAV Recovery
4,UAV,UAV is stationary with a parcel,5630.160933611011,1,5690.160933611011,1,Prepare to launch from truck,UAV Launch
4,UAV,UAV taking off or landing with a parcel,5690.160933611011,1,5693.856556885375,1,Takeoff from truck at Customer 1,Traveling
4,UAV,UAV travels with parcel,5693.856556885375,1,6052.165884150933,22,Fly to UAV customer 22,Traveling
4,UAV,UAV taking off or landing with a parcel,6052.165884150934,22,6058.557130699661,22,Land at UAV customer 22,Traveling
4,UAV,UAV is stationary with a parcel,6058.557130699661,22,6118.557130699661,22,Serving UAV customer 22,Making Delivery
4,UAV,UAV taking off or landing with no parcels,6118.557130699661,22,6122.252753974024,22,Takeoff from UAV customer 22,Traveling
4,UAV,UAV travels empty,6122.252753974024,22,6321.50784555313,36,Fly to truck at customer 36,Traveling
4,UAV,UAV is stationary without a parcel,6321.50784555313,36,6479.704166267106,36,Idle above rendezvous location (customer 36),Idle
4,UAV,UAV taking off or landing with no parcels,6479.704166267106,36,6486.095412815833,36,Land at truck rendezvous location (customer 36),Traveling
4,UAV,UAV is stationary without a parcel,6486.095412815833,36,6516.095412815833,36,Recovered by truck at customer 36,UAV Recovery
4,UAV,UAV is stationary with a parcel,6516.095412815833,36,6576.095412815833,36,Prepare to launch from truck,UAV Launch
4,UAV,UAV taking off or landing with a parcel,6576.095412815833,36,6579.791036090196,36,Takeoff from truck at Customer 36,Traveling
4,UAV,UAV travels with parcel,6579.791036090196,36,6928.531095671394,48,Fly to UAV customer 48,Traveling
4,UAV,UAV taking off or landing with a parcel,6928.531095671394,48,6934.92234222012,48,Land at UAV customer 48,Traveling
4,UAV,UAV is stationary with a parcel,6934.92234222012,48,6994.92234222012,48,Serving UAV customer 48,Making Delivery
4,UAV,UAV taking off or landing with no parcels,6994.92234222012,48,6998.6179654944835,48,Takeoff from UAV customer 48,Traveling
4,UAV,UAV travels empty,6998.6179654944835,48,7133.921925249814,15,Fly to truck at customer 15,Traveling
4,UAV,UAV is stationary without a parcel,7133.921925249814,15,7216.709069036475,15,Idle above rendezvous location (customer 15),Idle
4,UAV,UAV taking off or landing with no parcels,7216.709069036475,15,7223.100315585201,15,Land at truck rendezvous location (customer 15),Traveling
4,UAV,UAV is stationary without a parcel,7223.100315585202,15,7253.100315585202,15,Recovered by truck at customer 15,UAV Recovery
4,UAV,UAV is stationary with a parcel,7378.887103140031,47,7438.887103140031,47,Prepare to launch from truck,UAV Launch
4,UAV,UAV taking off or landing with a parcel,7438.887103140031,47,7442.5827264143945,47,Takeoff from truck at Customer 47,Traveling
4,UAV,UAV travels with parcel,7442.5827264143945,47,7665.077912712821,16,Fly to UAV customer 16,Traveling
4,UAV,UAV taking off or landing with a parcel,7665.077912712822,16,7671.469159261548,16,Land at UAV customer 16,Traveling
4,UAV,UAV is stationary with a parcel,7671.469159261548,16,7731.469159261548,16,Serving UAV customer 16,Making Delivery
4,UAV,UAV taking off or landing with no parcels,7731.469159261548,16,7735.164782535911,16,Takeoff from UAV customer 16,Traveling
4,UAV,UAV travels empty,7735.164782535911,16,8051.008261277189,18,Fly to truck at customer 18,Traveling
4,UAV,UAV is stationary without a parcel,8051.008261277189,18,8312.622114352162,18,Idle above rendezvous location (customer 18),Idle
4,UAV,UAV taking off or landing with no parcels,8312.622114352162,18,8319.013360900888,18,Land at truck rendezvous location (customer 18),Traveling
4,UAV,UAV is stationary without a parcel,8319.013360900888,18,8349.013360900888,18,Recovered by truck at customer 18,UAV Recovery
4,UAV,UAV is stationary with a parcel,9271.767783188498,30,9331.767783188498,30,Prepare to launch from truck,UAV Launch
4,UAV,UAV taking off or landing with a parcel,9331.767783188498,30,9335.46340646286,30,Takeoff from truck at Customer 30,Traveling
4,UAV,UAV travels with parcel,9335.46340646286,30,9758.959820415768,34,Fly to UAV customer 34,Traveling
4,UAV,UAV taking off or landing with a parcel,9758.959820415768,34,9765.351066964495,34,Land at UAV customer 34,Traveling
4,UAV,UAV is stationary with a parcel,9765.351066964495,34,9825.351066964495,34,Serving UAV customer 34,Making Delivery
4,UAV,UAV taking off or landing with no parcels,9825.351066964495,34,9829.046690238858,34,Takeoff from UAV customer 34,Traveling
4,UAV,UAV travels empty,9829.046690238858,34,10079.597582252112,41,Fly to truck at customer 41,Traveling
4,UAV,UAV is stationary without a parcel,10079.597582252112,41,10157.14475923141,41,Idle above rendezvous location (customer 41),Idle
4,UAV,UAV taking off or landing with no parcels,10157.14475923141,41,10163.536005780137,41,Land at truck rendezvous location (customer 41),Traveling
4,UAV,UAV is stationary without a parcel,10163.536005780139,41,10193.536005780139,41,Recovered by truck at customer 41,UAV Recovery
